<?xml version="1.0" encoding="UTF-8"?>
<metadata xml:lang="en"><Esri><CreaDate>20160822</CreaDate><CreaTime>13023500</CreaTime><ArcGISFormat>1.0</ArcGISFormat><SyncOnce>TRUE</SyncOnce><DataProperties><lineage><Process ToolSource="c:\arcgis\desktop10.1\ArcToolbox\Toolboxes\Data Management Tools.tbx\CreateFishnet" Date="20160613" Time="103734">CreateFishnet "E:\Current Projects\California\Spatial Data\Climate Data\fishnet.shp" "-125 14.625" "-125 24.625" 0.0625 0.0625 0 0 "-67 53" LABELS CreateConsta3 POLYGON</Process></lineage></DataProperties></Esri></metadata>
